{
  "setting": {},
  "condition": {
    "plugin": {
      "list": []
    },
    "game": {
      "list": []
    },
    "gamePlugin": {
      "list": []
    },
    "miniprogram": {
      "list": [
        {
          "id": -1,
          "name": "db guide",
          "pathName": "pages/databaseGuide/databaseGuide",
          "query": ""
        },
        {
          "name": "pages/safe/safe",
          "pathName": "pages/safe/safe",
          "query": "",
          "scene": null
        },
        {
          "name": "pages/register/register",
          "pathName": "pages/register/register",
          "query": "",
          "scene": null
        },
        {
          "name": "pages/infro/infro",
          "pathName": "pages/infro/infro",
          "scene": null
        }
      ]
    }
  }
}